mood,acon/bed room/White Bed Room.png,acon/bed room/Spectaculer Bed Roomset.png,acon/office/office2.png,acon/office/office4.png,acon/office/office1.png,acon/office/office3.png,acon/office/office5.png,acon/cafe/cafe7.png,acon/cafe/cafe2.png,acon/cafe/cafe5.png,acon/cafe/cafe3.png,acon/cafe/cafe4.png,acon/cafe/cafe1.png,acon/modern dining room/Luxury Furniture.png,acon/modern dining room/Living Room.png,acon/modern dining room/Cozy Funiture.png,acon/modern dining room/Funiture.jpeg,acon/modern dining room/Dreamlike shelf.png,acon/modern dining room/Green Plant Room.png,acon/modern dining room/Soft Dining Room.png,acon/modern dining room/Elegant Furniture Products.png,acon/modern dining room/Ethnic Funiture Set.png,acon/modern dining room/Wooden Funiture.png,acon/modern dining room/Dining Room Furniture.png,acon/modern dining room/Gaming Room.png,acon/modern dining room/Holiday Marketing.png,acon/modern dining room/Home Office Funiture.png,acon/park/park4.png,acon/park/park3.png,acon/park/park1.png,acon/park/park5.png,acon/park/park2.png,acon/library/library4.png,acon/library/library1.png,acon/library/library3.png,acon/library/library2.png,acon/library/library5.png,acon/yard with table/Yard with Table.png
calm,8.915513245248794,6.254889148426058,19.13788874642849,9.980515674853324,22.06192673010826,11.92650678219795,17.538897765660284,16.831861561512945,16.962905924081802,17.965478461527823,10.943172662353513,14.515310442447664,9.453257733988762,18.3022914072752,9.017735158085822,12.306848835968971,17.67085307943821,13.206316311120986,4.877638080406189,16.575639120817183,10.115021521186828,12.223979709458352,9.853466284632683,11.317144782209397,11.676080712556839,6.4309912300586705,6.398938009405136,22.81022459988594,16.171146614670754,16.371862423157694,18.299940905499458,21.445923011279106,16.996567883086204,17.17733737258911,16.23644803812504,12.055541542816162,19.066030490303042,6.6304769880533225
peaceful,10.256695095944405,6.924492861509323,17.26784189786911,10.653310774731635,20.566970257091523,13.384041622781751,18.204468983721732,18.4708095334053,17.71820387313366,19.456714632725713,15.757322927308081,16.776991401100158,10.315694468379021,16.82480881252289,9.726264275956153,12.812189036583899,18.21303774986267,10.516896792340278,6.230601677155495,19.799915340566635,8.95807056465149,10.241699227309228,11.087493039989472,12.260658136343958,10.55968349571228,6.660767180252075,8.721570379781722,21.94906638376713,17.04920801489353,16.473165272665025,17.687180220866203,21.290384965229034,17.13011430358887,14.591762401151657,16.643739528203014,12.381171709871293,19.218199009227753,7.950325867557527
cozy,8.870937545657158,7.624825141811372,8.379560877275466,9.200017008519172,14.366467142128945,5.0878297270536414,9.613961762166022,12.704605018782615,13.06582450518608,13.201077894997596,7.179396786355971,11.741406989145279,7.084494797635079,15.56831256017685,9.036707950258254,14.382586515212058,14.59399736504555,11.575328619170188,4.411709831547737,9.279873708510397,7.745062251853943,12.262519392943382,8.419834007382393,12.686126836109164,12.701001406860351,6.409726840448379,15.650087605786323,16.53774598684311,18.582356479883195,12.761537624955178,11.918568962430955,17.12511003985405,9.644098513174058,8.03542577383518,12.738952229452135,9.773018571710587,15.34176128358841,8.12506068851948
relaxing,7.288003153133392,5.571527827453615,23.76413700211048,13.28121379082203,24.202987975215912,15.334008570957183,21.303287456727027,16.7507263466835,20.313821004366872,15.25035044364929,13.428444802236555,15.81341546547413,9.69430229048729,20.30048412024975,7.9112731875658024,11.068829962992666,17.563538353705408,13.062951394891737,3.5149051187515266,20.255575150775908,9.172573376226424,9.071359757542611,11.178924693441392,11.64271551835537,14.39598111076355,4.654565189337731,12.30346873011589,17.174772724938393,11.158436993670463,16.367553840088846,17.60950757601261,21.318027299427985,17.40772673962116,17.49452120177746,18.367588981413842,13.76663035132885,22.42505553472042,6.351503849434854
active,3.7833004161357877,4.8783256176948555,12.766270071935654,8.238006874728201,12.29312167904377,4.23256863298416,11.65015077152252,11.84270789709091,22.3219061126709,12.652761529803275,8.623110943460462,13.501996387958528,10.701465886926652,6.54824590973854,5.13046193487644,11.269280592393873,11.321550465369226,14.761558446836471,2.5882861719608314,4.945145736360548,2.0125550204753857,6.943251044130326,2.0590171796560313,7.019630647850038,10.968165583491324,2.395811727452278,8.708143065953255,9.40330745894909,8.764271071982384,9.73938992908001,9.951099629044533,13.39750496637821,12.7543386043787,12.77444408121109,15.537690318822861,10.619576162648201,14.546859188628197,1.5461004974603654
lively,4.050050649976731,2.0307028558969513,0.0,0.0,0.0,1.9235846937656387,3.381057433104516,9.24508284049034,8.12007968456745,10.197161922001838,1.6510037628650664,11.058009311366082,6.316266384863853,9.13797261428833,0.0,4.180670725917816,5.81523433492184,1.8289295743703828,0.0,8.062443812727928,0.0,1.8972724602460875,0.43039064579010144,0.0,6.358081980967521,1.1107824579000471,1.7427508275032046,0.0,2.487305696272852,1.337877291631699,0.0,4.295774794650075,2.00429894504547,7.750411190342902,10.278972532987597,8.954675809121133,9.344582830047608,0.0
dynamic,1.7743882422685626,2.051790757846833,21.18789052405357,11.660648551869391,22.753509256458283,10.236649086284636,16.78095020725727,17.399706396389007,25.128758251810073,17.938523580551145,5.60613926348686,18.601758928394318,15.225266069698334,0.0,3.766006056904791,8.566808263897896,7.612329657292367,15.72177185075283,1.6884593309402476,0.18991666457652912,3.492513323616981,2.5514422366142284,0.20351577389240205,6.778210817456246,12.335897641277313,2.965816093468666,5.973370881032942,21.97491607913971,15.233832745766641,19.66825904800892,15.28474477069378,25.31023735666275,20.369693215703965,21.558884768390655,22.70812277042866,15.678941510224343,22.48025286910534,2.368056330060959
green,2.9458018205881125,7.490763904476166,19.35980293741226,11.406131507992743,19.345080846071244,0.0,13.640552266359329,7.541347054362296,6.483684096002577,13.460305783534048,1.810303291106223,13.914642317056657,5.923665447115898,10.714628584051132,6.358391712450979,9.694268272209166,10.492692219448092,5.799101391124724,2.081265219593048,6.065513954544066,3.6196707875728595,2.2960167999982843,2.1175654909133925,4.087086855077745,12.139990952014923,3.5230218137979508,3.0768691569328297,4.843827560663225,0.0,0.0,2.270341882395744,0.0,3.507473094224931,3.9209542483091333,8.035212840652468,12.28789037425518,18.562442321491243,1.4140451013803492
eco-friendly,2.0757753134727484,4.729000350070001,19.039549539780616,9.727904025197029,14.260385794997216,5.322158796167372,11.183759980106354,8.708628694081305,12.633238336515426,13.139452442121504,0.6649499243020998,11.339490847468376,9.636551936078071,3.8403126899957662,7.412150580143926,4.091983014297485,3.5728479827165636,11.038588148641585,2.4633946950912478,0.0,3.32293688879013,0.0,0.0,4.56972578570843,7.151348628425598,1.5679147781610485,0.0,14.755213504362107,11.06479578857422,6.790087921857834,8.414988276410103,11.636409644341468,10.91073623714447,10.193980106830596,14.58574077179432,9.504923425769807,14.032852587080002,1.4144468597173692
nature,5.1111298743486415,3.269288772916795,16.721868974637985,9.481610242033003,14.424867084217071,11.550838113927838,15.74356885945797,11.376356957817077,11.587880299210548,11.930791694164276,6.287319720268247,13.65010767490864,7.738026435494423,11.440597581839562,4.4113920921325676,7.291869853806494,6.386978103351595,7.836807716631888,1.678085629796982,12.456170058035848,4.639135237789153,3.824453684067727,6.651252691769601,7.990024363946917,11.802903042960166,2.7737321464300155,9.046131678414344,9.016963518476487,6.4011854824543,10.819551580929756,9.160143154668809,12.73178608458042,14.107736486029625,12.360451367545128,13.487005837726594,11.647976725482941,19.661881499004366,6.226277614927293
cheerful,7.643403147029877,3.003877250599862,10.982244936060905,1.9104819417953465,6.179667516088486,9.576294648289679,11.106712801337242,10.352490896582603,7.493185389685628,13.40639608118534,12.449604628038404,12.915768361592292,7.716734048295021,5.162523800492288,3.64865407488346,7.044366532206535,6.617940173459054,6.2147488286256785,3.3746030007600787,8.813395912599562,3.1206686181068424,1.5239202096700684,6.552101398587228,7.502370204329493,10.223499297046661,3.0621611664295205,14.716785934495926,2.307844032907486,7.697022672009469,11.256024908185006,6.574500902795792,12.514153043627738,11.871108596158027,12.162324195957183,13.011281369686127,10.023140061211587,14.291308428502084,4.89327284116745
joyful,6.235959795856475,3.7462855583190926,18.852084224605562,8.986415240025519,15.600878100228309,16.11112646317482,18.886070853471754,15.31095546696186,14.611476193237303,16.352594543623923,15.658938108205794,17.258227767038345,10.522590803027153,6.997531215834616,4.324758559441564,7.320562926459312,9.302510939383508,6.340556926727293,3.441681611156463,12.82067778699398,3.7549507522821415,2.4781769363403328,6.494856604003907,7.2712811299324045,11.125413277363776,2.7181021585226066,12.99838463845253,12.333550126361848,10.55357936038971,16.253726135444644,11.643758849287034,18.625706740927697,14.81944987437725,17.54903883154392,19.40981406412125,13.684997280573846,21.800754324007034,5.673553421211244
fun,0.0,0.348860894942284,1.6376179948329934,5.634673044729231,0.7152230128049837,3.6025083256244645,0.0,0.0,0.0,0.0,0.0,0.0,0.0,0.365438648867606,9.110291549158095,0.0,5.958520958757401,9.295135855078696,3.957767890214921,0.46727910721302024,3.966344801974296,4.467382318329811,3.4584630301713943,8.035158668112757,0.0,2.3833153169393544,0.8476270147800449,11.243951923656464,13.786003923892975,12.73167797560692,15.082495664596557,15.133061217570303,0.0,0.0,0.0,0.0,0.0,7.599149609518052
gloomy,9.614967784500124,11.634312700605394,26.598649154663086,18.86755089225769,23.63541737318039,17.955866077542304,21.264112593293188,18.60620167236328,14.62008988740444,20.181690831160545,23.08529927434921,17.912344307994843,10.028650996279715,13.733805964398384,16.143683082103728,10.371767176961898,16.978568031406404,10.326880823040007,7.584571860218048,24.509568535637854,13.318923849105834,8.993778676939012,19.891500361418725,18.340586799645425,8.634757106137275,3.6001173834085467,22.17638513381481,16.764081771302223,12.956668095755578,22.37667906227112,19.472344794011118,23.422348051309584,23.29909947619438,14.949633998179436,22.361850012803078,12.700576172423363,23.8312358479023,15.454877616071702
dark,6.650492352175712,15.48674267115593,23.08787979621887,14.205617873048782,16.934358424925804,15.034978172254561,20.002202598690985,5.50534880223274,4.231511915135382,8.446096625471114,11.181420546555517,7.980562958979608,3.407865232801438,4.946245683526993,11.343091858649252,4.754031985259054,0.0,0.0,11.875016455841065,9.21756978781223,4.885627858662605,11.798538676071168,4.271924099183083,9.666322526335717,3.9942479762315752,2.3102510993719108,9.844959317350387,7.699025582504273,10.03233695948124,19.357236626505852,18.687401551866532,21.575922060990333,20.874925551557542,3.0464688341855997,19.2174402684927,7.386169308185577,20.95175674240589,10.967109706163408
somber,4.2905982595205305,3.311063354921341,23.64376660733223,12.857620654845237,21.23591415963173,13.697316382241247,22.903844415044784,14.700386654424666,14.09525735952854,17.78390870411396,10.07584199848175,15.293772392320633,9.728450229215621,12.34487811820507,3.404212559914587,6.00860442790985,10.047300995898249,13.166687818408011,2.1396823030948635,8.964147265386579,5.58719901406765,3.45140234246254,3.7062909502029413,9.527308110141755,14.074356382632255,0.0,12.239939239025116,6.758414286756516,6.379328962349891,15.199917263507844,11.022779687213898,15.1881455432415,17.75116056051254,15.10506931900978,16.902442218875887,12.28287001926899,21.788532702422142,5.481245137524606
eccentric,6.053842498660087,4.497029181790353,14.483100153303146,6.890210014152526,11.488345541906357,10.714836967229843,16.797281320881844,12.272152024841308,12.881932859659194,9.823701471042632,9.263715314912794,15.94277470266819,8.676492366337776,10.27826579360962,4.296549870371816,7.311634137415885,6.420044353914262,4.550051732349395,2.7917397355318077,12.195134824919698,4.732698124074936,3.197783656072618,6.736969950699807,6.1108209610939035,8.130279690551756,2.019605270862579,9.368989594483375,2.1899169392108924,4.845478739023209,10.915744014525414,9.845765755319595,10.988718359494207,12.83498752658367,12.098787045669555,14.63273199670315,12.618742088389396,17.646526603484155,5.287028598594667
mysterious,2.217834926581382,0.0,20.26538467569351,7.5344247073650354,17.57755826473236,11.38442013466358,15.697380614781379,12.282782780838012,10.291924654221534,13.623538019824027,1.6773532496213903,9.250991062211991,7.477397121191025,7.9250524919748315,3.23907641444206,3.1091926607847196,3.098499002265932,9.757936416912077,1.9930349898815152,5.908852677583692,4.572648362326621,3.490644216418268,3.0537376216650003,7.4249394300460825,13.248355162787437,0.6134397166490562,13.62947050435543,9.449095644021035,5.599621120285988,13.08939381248951,12.27275574374199,9.227322501015664,12.449676338863373,10.747974598813057,12.478746752262117,8.476924516963958,14.544655329227448,3.3018821154832843
fantastic,9.306854293537139,8.813702770400049,17.97754640004635,12.119440944480896,21.242825991153715,12.072360746073722,19.036257566714287,13.936674100208283,13.582844530987739,14.652032243919372,9.397065907740592,11.61405350379944,10.29420120201111,23.939545113039017,15.981458097600935,17.580366798210143,22.379473280620577,15.707224450159071,5.463623414254189,22.830969501519203,16.71927845876217,16.645295566916467,17.19877770085335,11.873403326153756,15.447410807061194,8.25357412378788,17.561882903432846,11.788801203823091,13.57455942056179,16.498014938235283,16.681847490477562,17.41815860950947,11.507036762404441,10.969151525378226,21.813785041713714,9.462750929927825,12.895646697068216,12.577279303693771
romantic,15.96598081407547,11.046350984072685,14.167052880048752,7.011250967621802,11.29261081712246,4.341808468866347,11.970562717509269,13.482358059453963,17.35953506600857,22.184468474316596,15.810422794890403,19.002371493792534,14.321048390507698,17.5554861102581,13.013727029418943,16.172998325705528,17.460832971000674,10.294275144004821,6.417435614204408,19.431000265336035,18.891682466125488,7.14327576210499,12.785495407557487,13.598446894073488,13.814687403130531,11.420444259357453,15.573832097268104,2.11938110022545,9.964662690401077,6.461330035591127,7.929409745264055,10.702079639506339,15.029337274765968,11.60201593530178,21.785129445481303,9.384832656025887,14.005604411625864,7.3237916551828395
lovely,8.993821386361123,7.4804206464052205,16.21775546233654,9.68167362513542,19.99338943285942,10.714937339758873,13.146208128786085,13.697080078625678,16.09092285790443,12.775110632514952,8.302708698129653,9.905007171034812,9.94619344291687,12.76681565117836,14.667296098637578,14.25366826941967,22.14490401325226,17.59103204870224,5.015019128155709,15.110596120142935,14.483696904063224,16.066298079466822,13.150119383859636,10.945235778188707,12.689453529429436,8.287939677381516,11.628393308234214,19.79361573982239,19.730613615322113,21.073471239852907,21.243478104519845,25.580851594042777,13.309262850594521,13.442183727097511,18.860346321415904,8.705558447241785,11.875146547389031,9.227897289133072
beautiful,8.024002010130882,5.645939604449273,20.805549328780174,12.593175596785544,23.667071479296684,14.783194967222212,21.54264454984665,14.459488684034348,17.05405043554306,16.853514483404158,9.84631052045822,12.141919420433045,8.854965796208383,16.85295813536644,11.538745574283599,12.69219960963726,20.352718451142312,16.82063424155712,5.877177256536484,17.604755123639105,13.862250636982917,12.834591608023644,11.730221677303316,10.43330933303833,15.61560321931839,6.3467407198667525,12.50067051012516,15.970854387378694,13.19417998213768,14.140898020362854,15.800490044140815,15.99367836101055,13.501717900562287,15.065283413815498,16.729205497336388,10.742377959251403,16.47325720472336,8.239642398357393
